schema_version,run_id,timestamp_unix,benchmark,area,dataset_name,dataset_bytes,dataset_sha256,input_size,language,language_version,library,library_version,flags,warmup,trials,min_ns,median_ns,mean_ns,p95_ns,throughput,throughput_unit,peak_rss_kb,cgroup_peak_kb,alloc_bytes,alloc_count,working_set_kb,status,check_ok,notes,variant
1,20260625-161331,,example,scaffold,,-1,,-1,cajeta,,,,--release -O3 -march=native,20,200,280,350,389,581,,,3080,-1,0,-1,152,ok,true,,
1,20260625-161331,,sum,selftest,,-1,,-1,cajeta,,,,--release -O3 -march=native,5,50,6682,6733,6740,6813,,,3080,-1,0,-1,0,ok,true,,
1,20260625-161331,,variant-demo,selftest,,-1,,-1,cajeta,,,,--release -O3 -march=native,3,20,30,30,35,80,,,3080,-1,0,-1,0,ok,true,,small
1,20260625-161331,,variant-demo,selftest,,-1,,-1,cajeta,,,,--release -O3 -march=native,3,20,30,30,33,41,,,3084,-1,0,-1,0,ok,true,,large
1,20260625-161331,,json-tokenize,codec,,-1,,631514,cajeta,,,,--release -O3 -march=native,10,50,603629,612998,628306,687637,,,4096,-1,633586,-1,404,ok,true,,twitter
1,20260625-161331,,json-tokenize,codec,,-1,,1727204,cajeta,,,,--release -O3 -march=native,10,50,1508789,1517256,1520079,1544256,,,6892,-1,1729276,-1,2116,ok,true,,citm_catalog
1,20260625-161331,,json-tokenize,codec,,-1,,2251051,cajeta,,,,--release -O3 -march=native,10,50,2482287,2496674,2499384,2520289,,,9000,-1,2253123,-1,3708,ok,true,,canada
1,20260625-161331,,json-bind-skip,codec,,-1,,631514,cajeta,,,,--release -O3 -march=native,10,50,172658,173860,174657,178669,,,9000,-1,3157650,-1,2812,ok,true,,twitter
1,20260625-161331,,json-bind-skip,codec,,-1,,1727204,cajeta,,,,--release -O3 -march=native,10,50,450832,454559,454782,458566,,,11552,-1,8636100,-1,0,ok,true,,citm_catalog
1,20260625-161331,,json-bind-skip,codec,,-1,,2251051,cajeta,,,,--release -O3 -march=native,10,50,800342,805332,807335,826281,,,14116,-1,11255335,-1,0,ok,true,,canada
1,20260625-161331,,json-dom,codec,,-1,,631514,cajeta,,,,--release -O3 -march=native,5,30,2330143,2662109,2591259,2847018,,,209028,-1,5018707,-1,174212,ok,true,,twitter
1,20260625-161331,,json-dom,codec,,-1,,1727204,cajeta,,,,--release -O3 -march=native,5,30,6531700,6828690,6885984,7153692,,,907564,-1,16991233,-1,584184,ok,true,,citm_catalog
1,20260625-161331,,json-dom,codec,,-1,,2251051,cajeta,,,,--release -O3 -march=native,5,30,16731039,17276026,17251998,17461215,,,2885368,-1,46318509,-1,1668716,ok,true,,canada
1,20260625-161331,,json-serialize,codec,,-1,,631514,cajeta,,,,--release -O3 -march=native,5,30,1057035,1137286,1182493,1467619,,,3237864,-1,6538250,-1,237388,ok,true,,twitter
1,20260625-161331,,json-serialize,codec,,-1,,1727204,cajeta,,,,--release -O3 -march=native,5,30,2507351,2985271,3196127,4319486,,,4119700,-1,18542232,-1,693212,ok,true,,citm_catalog
1,20260625-161331,,json-serialize,codec,,-1,,2251051,cajeta,,,,--release -O3 -march=native,5,30,9715270,10960878,11021063,13015038,,,6419112,-1,51809116,-1,1806168,ok,true,,canada
1,20260625-161331,,json-roundtrip,codec,,-1,,631514,cajeta,,,,--release -O3 -march=native,5,30,6015225,6191066,6198250,6405540,,,6960304,-1,10927373,-1,411732,ok,true,,twitter
1,20260625-161331,,json-roundtrip,codec,,-1,,1727204,cajeta,,,,--release -O3 -march=native,5,30,15147102,15950726,16233834,17817664,,,8466088,-1,33806257,-1,1277448,ok,true,,citm_catalog
1,20260625-161331,,json-roundtrip,codec,,-1,,2251051,cajeta,,,,--release -O3 -march=native,5,30,42472001,44750925,44464230,45733696,,,12487964,-1,95876566,-1,3408924,ok,true,,canada
1,20260625-161331,,json-conformance,codec,,-1,,14,cajeta,,,,--release -O3 -march=native,3,20,15069,18135,18271,23344,,,12602908,-1,38727,-1,892,ok,true,,
1,20260625-161331,,base64-encode,codec,,-1,,1048576,cajeta,,,,--release -O3 -march=native,20,100,901609,915886,931463,976841,,,12767864,-1,0,-1,136560,ok,true,,
1,20260625-161331,,base64-decode,codec,,-1,,1048576,cajeta,,,,--release -O3 -march=native,20,100,1163071,1175095,1190298,1252340,,,12894532,-1,1048584,-1,102416,ok,true,,
1,20260625-161331,,arraylist-append,collection,,-1,,100000,cajeta,,,,--release -O3 -march=native,5,50,177584,180119,187113,235033,,,12945516,-1,1048624,-1,45356,ok,true,,
1,20260625-161331,,hashmap-int,collection,,-1,,50000,cajeta,,,,--release -O3 -march=native,5,30,465307,481457,493773,540709,,,12991264,-1,1310760,-1,38420,ok,true,,
1,20260625-161331,,hashmap-string,collection,,-1,,30000,cajeta,,,,--release -O3 -march=native,5,30,2098835,2177734,2180194,2252885,,,13114932,-1,1179688,-1,104892,ok,true,,
1,20260625-161331,,hashset-dedup,collection,,-1,,100000,cajeta,,,,--release -O3 -march=native,5,30,1238273,1301853,1298356,1397484,,,13208068,-1,2621280,-1,76820,ok,true,,
1,20260625-161331,,linkedlist-insert-traverse,collection,,-1,,40000,cajeta,,,,--release -O3 -march=native,5,30,637321,652650,665670,709958,,,13276292,-1,0,-1,56268,ok,true,,
1,20260625-161331,,heap-sort,collection,,-1,,50000,cajeta,,,,--release -O3 -march=native,5,30,3986993,4037628,4038859,4090688,,,13294148,-1,524328,-1,13684,ok,true,,
1,20260625-161331,,redblacktree-insert-lookup,collection,,-1,,20000,cajeta,,,,--release -O3 -march=native,3,20,1919847,2050484,2039084,2126467,,,13323384,-1,0,-1,25012,ok,true,,
1,20260625-161331,,sort-int64,sort,,-1,,50000,cajeta,,,,--release -O3 -march=native,5,30,559191,568799,574859,623802,,,13338728,-1,400008,-1,11736,ok,true,,random
1,20260625-161331,,sort-int64,sort,,-1,,50000,cajeta,,,,--release -O3 -march=native,5,30,62675,64508,69860,118430,,,13353216,-1,400008,-1,11736,ok,true,,ascending
1,20260625-161331,,sort-int64,sort,,-1,,50000,cajeta,,,,--release -O3 -march=native,5,30,72691,75386,79188,131381,,,13367704,-1,400008,-1,11736,ok,true,,descending
1,20260625-161331,,sort-int64,sort,,-1,,50000,cajeta,,,,--release -O3 -march=native,5,30,130692,133598,137145,186919,,,13382188,-1,400008,-1,11736,ok,true,,dups
1,20260625-161331,,sort-f64,sort,,-1,,50000,cajeta,,,,--release -O3 -march=native,5,30,467749,479131,484563,532731,,,13396692,-1,400008,-1,11736,ok,true,,
1,20260625-161331,,sort-stable-int64,sort,,-1,,50000,cajeta,,,,--release -O3 -march=native,5,30,1499216,1524263,1526796,1572303,,,13424852,-1,800016,-1,23456,ok,true,,
1,20260625-161331,,binary-search,sort,,-1,,50000,cajeta,,,,--release -O3 -march=native,5,30,3475799,3513160,3509670,3546924,,,13425668,-1,0,-1,16,ok,true,,
1,20260625-161331,,string-build-concat,string,,-1,,4000,cajeta,,,,--release -O3 -march=native,5,30,2124,2364,2452,3276,,,13426124,-1,12120,-1,380,ok,true,,
1,20260625-161331,,string-search,string,,-1,,360448,cajeta,,,,--release -O3 -march=native,10,50,4127,4228,4206,4318,,,13426892,-1,0,-1,16,ok,true,,
1,20260625-161331,,string-replace,string,,-1,,360448,cajeta,,,,--release -O3 -march=native,10,50,142428,144602,148309,178156,,,13450196,-1,385032,-1,18820,ok,true,,
1,20260625-161331,,string-uppercase,string,,-1,,360448,cajeta,,,,--release -O3 -march=native,10,50,48110,50044,52414,53561,,,13472436,-1,360456,-1,17620,ok,true,,
1,20260625-161331,,xxhash3,hash,,-1,,1048576,cajeta,,,,--release -O3 -march=native,20,100,6702,6863,7057,8166,,,13473872,-1,200,-1,36,ok,true,,
1,20260625-161331,,xxhash3-256k,hash,,-1,,262144,cajeta,,,,--release -O3 -march=native,30,200,1623,1643,1897,2124,,,13474224,-1,200,-1,56,ok,true,,
1,20260625-161331,,xxhash3_128,hash,,-1,,1048576,cajeta,,,,--release -O3 -march=native,20,100,6613,6773,6884,7695,,,13475308,-1,200,-1,36,ok,true,,
1,20260625-161331,,xxhash3_128-256k,hash,,-1,,262144,cajeta,,,,--release -O3 -march=native,30,200,1643,1663,1701,2114,,,13475644,-1,200,-1,56,ok,true,,
1,20260625-161331,,siphash,hash,,-1,,1048576,cajeta,,,,--release -O3 -march=native,20,100,246074,246234,247362,249490,,,13476704,-1,0,-1,16,ok,true,,
1,20260625-161331,,sha256,hash,,-1,,1048576,cajeta,,,,--release -O3 -march=native,10,50,415093,416034,417210,419320,,,13477764,-1,40,-1,20,ok,true,,
1,20260625-161331,,md5,hash,,-1,,1048576,cajeta,,,,--release -O3 -march=native,10,50,1256788,1259954,1260273,1265625,,,13478824,-1,24,-1,20,ok,true,,
1,20260625-161331,,blake3,hash,,-1,,1048576,cajeta,,,,--release -O3 -march=native,20,100,185940,186601,187719,196009,,,13479896,-1,0,-1,16,ok,true,,
1,20260625-161331,,stream-filter-map-reduce,stream,,-1,,1000000,cajeta,,,,--release -O3 -march=native,5,30,23422605,23501534,23521277,23648111,,,13487924,-1,0,-1,20,ok,true,,
1,20260625-161331,,stream-parallel-reduce,stream,,-1,,1000000,cajeta,,,,--release -O3 -march=native,5,30,9887161,10733826,10758995,12143873,,,13496240,-1,400,-1,32,ok,true,,
1,20260625-161331,,saxpy,math,,-1,,1000000,cajeta,,,,--release -O3 -march=native,10,50,214785,223612,223410,231987,,,13519712,-1,0,-1,16,ok,true,,
1,20260625-161331,,dot-product,math,,-1,,1000000,cajeta,,,,--release -O3 -march=native,10,50,101681,102363,103658,108926,,,13535372,-1,0,-1,16,ok,true,,
1,20260625-161331,,matmul,math,,-1,,40000,cajeta,,,,--release -O3 -march=native,10,50,51277,51998,58695,78528,,,13537368,-1,0,-1,16,ok,true,,
1,20260625-161331,,clbg-mandelbrot,clbg,,-1,,640000,cajeta,,,,--release -O3 -march=native,5,20,28727551,28773388,28802480,29147783,,,13537404,-1,0,-1,20,ok,true,,
1,20260625-161331,,clbg-fannkuch-redux,clbg,,-1,,10,cajeta,,,,--release -O3 -march=native,3,10,151403982,152966097,153179255,159588676,,,13537436,-1,0,-1,16,ok,true,,
1,20260625-161331,,clbg-spectral-norm,clbg,,-1,,100,cajeta,,,,--release -O3 -march=native,5,30,101351,101691,103465,111120,,,13537468,-1,0,-1,16,ok,true,,
1,20260625-161331,,time-instant-arith,time,,-1,,1000000,cajeta,,,,--release -O3 -march=native,10,50,21495334,21529989,21629645,21590373,,,13537504,-1,0,-1,16,ok,true,,
1,20260625-161331,,time-localdate-arith,time,,-1,,100000,cajeta,,,,--release -O3 -march=native,5,30,2070873,2072666,2076643,2098865,,,13537536,-1,0,-1,16,ok,true,,
1,20260625-161331,,atomic-fetchadd,concurrent,,-1,,1000000,cajeta,,,,--release -O3 -march=native,10,50,5270942,5277805,5282092,5311809,,,13537576,-1,0,-1,20,ok,true,,
1,20260625-161331,,task-spawn-await,concurrent,,-1,,20000,cajeta,,,,--release -O3 -march=native,2,3,80437670,82071118,81713684,82632265,,,13537624,-1,320000,-1,16,ok,true,,
1,20260625-161331,1782418411,json-dom,codec,twitter,631514,,631514,rust,rustc 1.91.1 (ed61e7d7e 2025-11-07),serde_json,1,-O3 lto target-cpu=native,3,10,981881,1001067,1006783,1090475,601.6,MB/s,5512,-1,2075867,-1,-1,ok,true,,
1,20260625-161331,1782418411,json-dom,codec,twitter,631514,,631514,rust,rustc 1.91.1 (ed61e7d7e 2025-11-07),simd-json,0.13,-O3 lto target-cpu=native,3,10,728372,757657,902152,1686358,794.9,MB/s,8220,-1,6422251,-1,-1,ok,true,,
1,20260625-161331,1782418411,json-dom,codec,citm_catalog,1727204,,1727204,rust,rustc 1.91.1 (ed61e7d7e 2025-11-07),serde_json,1,-O3 lto target-cpu=native,3,10,1609072,1638818,1907036,2767234,1005.1,MB/s,12064,-1,7977886,-1,-1,ok,true,,
1,20260625-161331,1782418411,json-dom,codec,citm_catalog,1727204,,1727204,rust,rustc 1.91.1 (ed61e7d7e 2025-11-07),simd-json,0.13,-O3 lto target-cpu=native,3,10,1626535,1639820,1637464,1650230,1004.5,MB/s,14524,-1,15359747,-1,-1,ok,true,,
1,20260625-161331,1782418411,json-dom,codec,canada,2251051,,2251051,rust,rustc 1.91.1 (ed61e7d7e 2025-11-07),serde_json,1,-O3 lto target-cpu=native,3,10,3540622,3560179,3566472,3615313,603.0,MB/s,15200,-1,12331962,-1,-1,ok,true,,
1,20260625-161331,1782418411,json-dom,codec,canada,2251051,,2251051,rust,rustc 1.91.1 (ed61e7d7e 2025-11-07),simd-json,0.13,-O3 lto target-cpu=native,3,10,3791274,3816561,3813051,3840557,562.5,MB/s,27000,-1,32022239,-1,-1,ok,true,,
1,20260625-161331,1782418411,json-dom,codec,twitter,631514,,631514,cpp,g++ (Ubuntu 15.2.0-16ubuntu1) 15.2.0,simdjson,4.6.1,-O3 -march=native,3,10,82796,86614,86194,94347,6953.4,MB/s,7572,-1,8640580,-1,-1,ok,true,,
1,20260625-161331,1782418411,json-dom,codec,twitter,631514,,631514,cpp,g++ (Ubuntu 15.2.0-16ubuntu1) 15.2.0,yyjson,0.10,-O3 -march=native,3,10,113303,113994,115259,126107,5283.2,MB/s,7572,-1,8640580,-1,-1,ok,true,,
1,20260625-161331,1782418411,json-dom,codec,citm_catalog,1727204,,1727204,cpp,g++ (Ubuntu 15.2.0-16ubuntu1) 15.2.0,simdjson,4.6.1,-O3 -march=native,3,10,231055,231767,233115,244090,7107.1,MB/s,13216,-1,23614916,-1,-1,ok,true,,
1,20260625-161331,1782418411,json-dom,codec,citm_catalog,1727204,,1727204,cpp,g++ (Ubuntu 15.2.0-16ubuntu1) 15.2.0,yyjson,0.10,-O3 -march=native,3,10,306557,309824,315297,338988,5316.5,MB/s,13216,-1,23614916,-1,-1,ok,true,,
1,20260625-161331,1782418411,json-dom,codec,canada,2251051,,2251051,cpp,g++ (Ubuntu 15.2.0-16ubuntu1) 15.2.0,simdjson,4.6.1,-O3 -march=native,3,10,1234066,1239306,1239513,1251408,1732.2,MB/s,21104,-1,30774084,-1,-1,ok,true,,
1,20260625-161331,1782418411,json-dom,codec,canada,2251051,,2251051,cpp,g++ (Ubuntu 15.2.0-16ubuntu1) 15.2.0,yyjson,0.10,-O3 -march=native,3,10,1323895,1343041,1344511,1393335,1598.4,MB/s,21104,-1,30774084,-1,-1,ok,true,,
1,20260625-161331,1782418411,json-dom,codec,twitter,631514,,631514,go,go version go1.26.0 linux/amd64,encoding/json,go1.26.0,GOAMD64=v4,3,10,3441715,3896453,3917127,4313357,154.6,MB/s,9448,-1,2076768,-1,-1,ok,true,,
1,20260625-161331,1782418411,json-dom,codec,twitter,631514,,631514,go,go version go1.26.0 linux/amd64,goccy/go-json,v0.10.5,GOAMD64=v4,3,10,2326043,2660864,2665520,3069253,226.3,MB/s,15724,-1,2700424,-1,-1,ok,true,,
1,20260625-161331,1782418411,json-dom,codec,citm_catalog,1727204,,1727204,go,go version go1.26.0 linux/amd64,encoding/json,go1.26.0,GOAMD64=v4,3,10,8488595,9706550,9613173,10498303,169.7,MB/s,18320,-1,5131216,-1,-1,ok,true,,
1,20260625-161331,1782418411,json-dom,codec,citm_catalog,1727204,,1727204,go,go version go1.26.0 linux/amd64,goccy/go-json,v0.10.5,GOAMD64=v4,3,10,5251716,6145110,5981453,6838636,268.0,MB/s,29788,-1,7442184,-1,-1,ok,true,,
1,20260625-161331,1782418411,json-dom,codec,canada,2251051,,2251051,go,go version go1.26.0 linux/amd64,encoding/json,go1.26.0,GOAMD64=v4,3,10,15396442,17003831,16938193,18653940,126.3,MB/s,30596,-1,10583560,-1,-1,ok,true,,
1,20260625-161331,1782418411,json-dom,codec,canada,2251051,,2251051,go,go version go1.26.0 linux/amd64,goccy/go-json,v0.10.5,GOAMD64=v4,3,10,12933340,15419125,15512184,18859037,139.2,MB/s,38384,-1,12032912,-1,-1,ok,true,,
1,20260625-161331,1782418411,json-dom,codec,twitter,631514,,631514,python,Python 3.12.9,json,3.12.9,-OO,3,10,1757571,1764495,1769160,1803098,341.3,MB/s,17412,-1,3789202,-1,-1,ok,true,,
1,20260625-161331,1782418411,json-dom,codec,twitter,631514,,631514,python,Python 3.12.9,orjson,3.11.9,-OO,3,10,666967,688527,684259,709827,874.7,MB/s,18420,-1,8617067,-1,-1,ok,true,,
1,20260625-161331,1782418411,json-dom,codec,twitter,631514,,631514,python,Python 3.12.9,msgspec,0.21.1,-OO,3,10,915866,933980,935871,1009442,644.8,MB/s,20264,-1,1027124,-1,-1,ok,true,,
1,20260625-161331,1782418411,json-dom,codec,twitter,631514,,631514,python,Python 3.12.9,ujson,5.13.0,-OO,3,10,1139317,1155407,1165885,1271146,521.3,MB/s,25056,-1,4162479,-1,-1,ok,true,,
1,20260625-161331,1782418411,json-dom,codec,citm_catalog,1727204,,1727204,python,Python 3.12.9,json,3.12.9,-OO,3,10,4038650,4074368,4063803,4086861,404.3,MB/s,35200,-1,6683914,-1,-1,ok,true,,
1,20260625-161331,1782418411,json-dom,codec,citm_catalog,1727204,,1727204,python,Python 3.12.9,orjson,3.11.9,-OO,3,10,2072194,2094938,2101920,2174538,786.3,MB/s,38016,-1,23926940,-1,-1,ok,true,,
1,20260625-161331,1782418411,json-dom,codec,citm_catalog,1727204,,1727204,python,Python 3.12.9,msgspec,0.21.1,-OO,3,10,2740824,2804013,2806339,2904223,587.4,MB/s,38016,-1,3214972,-1,-1,ok,true,,
1,20260625-161331,1782418411,json-dom,codec,citm_catalog,1727204,,1727204,python,Python 3.12.9,ujson,5.13.0,-OO,3,10,3002738,3056449,3276586,5173699,538.9,MB/s,38464,-1,11438111,-1,-1,ok,true,,
1,20260625-161331,1782418411,json-dom,codec,canada,2251051,,2251051,python,Python 3.12.9,json,3.12.9,-OO,3,10,31494786,31681007,31747352,32361790,67.8,MB/s,54136,-1,10313930,-1,-1,ok,true,,
1,20260625-161331,1782418411,json-dom,codec,canada,2251051,,2251051,python,Python 3.12.9,orjson,3.11.9,-OO,3,10,5641731,5776965,5769635,5903514,371.6,MB/s,57720,-1,34149521,-1,-1,ok,true,,
1,20260625-161331,1782418411,json-dom,codec,canada,2251051,,2251051,python,Python 3.12.9,msgspec,0.21.1,-OO,3,10,6046974,6152143,6134826,6218077,348.9,MB/s,58744,-1,8061455,-1,-1,ok,true,,
1,20260625-161331,1782418411,json-dom,codec,canada,2251051,,2251051,python,Python 3.12.9,ujson,5.13.0,-OO,3,10,8767802,8859214,8866348,9095949,242.3,MB/s,58748,-1,17065982,-1,-1,ok,true,,
1,20260625-161331,1782418411,json-dom,codec,twitter,631514,,631514,java,openjdk version 25.0.1 2025-10-21 LTS,jackson-databind,2.22.0,-server,3,10,1168141,1205291,1263696,1678322,499.7,MB/s,111268,-1,1459032,-1,-1,ok,true,,
1,20260625-161331,1782418411,json-dom,codec,citm_catalog,1727204,,1727204,java,openjdk version 25.0.1 2025-10-21 LTS,jackson-databind,2.22.0,-server,3,10,1676179,2081442,2048807,2508417,791.4,MB/s,141240,-1,3811144,-1,-1,ok,true,,
1,20260625-161331,1782418411,json-dom,codec,canada,2251051,,2251051,java,openjdk version 25.0.1 2025-10-21 LTS,jackson-databind,2.22.0,-server,3,10,15523331,17841709,19273386,26681036,120.3,MB/s,574052,-1,49839064,-1,-1,ok,true,,
1,20260625-161331,1782418411,xxhash3,hash,,1048576,,1048576,rust,rustc 1.91.1 (ed61e7d7e 2025-11-07),xxhash-rust,0.8,-O3 lto target-cpu=native,3,10,11552,11793,11812,12083,84796.1,MB/s,3396,-1,0,-1,-1,ok,true,,
1,20260625-161331,1782418411,xxhash3_128,hash,,1048576,,1048576,rust,rustc 1.91.1 (ed61e7d7e 2025-11-07),xxhash-rust,0.8,-O3 lto target-cpu=native,3,10,11782,11812,11814,11852,84659.7,MB/s,3464,-1,0,-1,-1,ok,true,,
1,20260625-161331,1782418411,xxhash3-256k,hash,,262144,,262144,rust,rustc 1.91.1 (ed61e7d7e 2025-11-07),xxhash-rust,0.8,-O3 lto target-cpu=native,3,10,2905,2915,2910,2916,85763.3,MB/s,3464,-1,0,-1,-1,ok,true,,
1,20260625-161331,1782418411,xxhash3_128-256k,hash,,262144,,262144,rust,rustc 1.91.1 (ed61e7d7e 2025-11-07),xxhash-rust,0.8,-O3 lto target-cpu=native,3,10,2896,2915,2909,2916,85763.3,MB/s,3464,-1,0,-1,-1,ok,true,,
1,20260625-161331,1782418411,sha256,hash,,1048576,,1048576,rust,rustc 1.91.1 (ed61e7d7e 2025-11-07),sha2,0.10,-O3 lto target-cpu=native,3,10,415242,418228,474262,736087,2391.0,MB/s,3464,-1,0,-1,-1,ok,true,,
1,20260625-161331,1782418411,md5,hash,,1048576,,1048576,rust,rustc 1.91.1 (ed61e7d7e 2025-11-07),md-5,0.10,-O3 lto target-cpu=native,3,10,1085676,1087068,1088427,1104471,919.9,MB/s,3464,-1,0,-1,-1,ok,true,,
1,20260625-161331,1782418411,blake3,hash,,1048576,,1048576,rust,rustc 1.91.1 (ed61e7d7e 2025-11-07),blake3,1,-O3 lto target-cpu=native,3,10,84670,84810,85140,87425,11791.1,MB/s,3472,-1,0,-1,-1,ok,true,,
1,20260625-161331,1782418411,xxhash3,hash,,1048576,,1048576,cpp,g++ (Ubuntu 15.2.0-16ubuntu1) 15.2.0,xxHash,0.8.3,-O3 -march=native,3,10,7013,7063,7086,7284,141582.9,MB/s,6864,-1,0,-1,-1,ok,true,,
1,20260625-161331,1782418411,xxhash3_128,hash,,1048576,,1048576,cpp,g++ (Ubuntu 15.2.0-16ubuntu1) 15.2.0,xxHash,0.8.3,-O3 -march=native,3,10,7093,7123,7122,7163,140390.3,MB/s,7060,-1,0,-1,-1,ok,true,,
1,20260625-161331,1782418411,xxhash3-256k,hash,,262144,,262144,cpp,g++ (Ubuntu 15.2.0-16ubuntu1) 15.2.0,xxHash,0.8.3,-O3 -march=native,3,10,1643,1653,1653,1664,151240.2,MB/s,7060,-1,0,-1,-1,ok,true,,
1,20260625-161331,1782418411,xxhash3_128-256k,hash,,262144,,262144,cpp,g++ (Ubuntu 15.2.0-16ubuntu1) 15.2.0,xxHash,0.8.3,-O3 -march=native,3,10,1653,1663,1661,1673,150330.7,MB/s,7060,-1,0,-1,-1,ok,true,,
1,20260625-161331,1782418411,sha256,hash,,1048576,,1048576,cpp,g++ (Ubuntu 15.2.0-16ubuntu1) 15.2.0,openssl,3.5.5,-O3 -march=native,3,10,415673,416064,417304,420542,2403.5,MB/s,9800,-1,0,-1,-1,ok,true,,
1,20260625-161331,1782418411,md5,hash,,1048576,,1048576,cpp,g++ (Ubuntu 15.2.0-16ubuntu1) 15.2.0,openssl,3.5.5,-O3 -march=native,3,10,923350,927117,926570,928159,1078.6,MB/s,9804,-1,0,-1,-1,ok,true,,
1,20260625-161331,1782418411,blake3,hash,,1048576,,1048576,cpp,,,,,0,0,-1,-1,-1,-1,,,-1,-1,-1,-1,-1,skipped,,BLAKE3 C library not vendored,
1,20260625-161331,1782418411,xxhash3,hash,,1048576,,1048576,go,go version go1.26.0 linux/amd64,zeebo/xxh3,v1.0.2,GOAMD64=v4,3,10,15649,15670,15690,15910,63816.2,MB/s,4552,-1,0,-1,-1,ok,true,,
1,20260625-161331,1782418411,xxhash3_128,hash,,1048576,,1048576,go,go version go1.26.0 linux/amd64,zeebo/xxh3,v1.0.2,GOAMD64=v4,3,10,15630,15680,15701,15880,63775.5,MB/s,4596,-1,0,-1,-1,ok,true,,
1,20260625-161331,1782418411,xxhash3-256k,hash,,262144,,262144,go,go version go1.26.0 linux/amd64,zeebo/xxh3,v1.0.2,GOAMD64=v4,3,10,3917,3918,3934,4057,63808.1,MB/s,4620,-1,0,-1,-1,ok,true,,
1,20260625-161331,1782418411,xxhash3_128-256k,hash,,262144,,262144,go,go version go1.26.0 linux/amd64,zeebo/xxh3,v1.0.2,GOAMD64=v4,3,10,3917,3927,3925,3937,63661.8,MB/s,4628,-1,0,-1,-1,ok,true,,
1,20260625-161331,1782418411,sha256,hash,,1048576,,1048576,go,go version go1.26.0 linux/amd64,crypto/sha256,go1.26.0,GOAMD64=v4,3,10,415563,416856,417512,420272,2398.9,MB/s,4640,-1,0,-1,-1,ok,true,,
1,20260625-161331,1782418411,md5,hash,,1048576,,1048576,go,go version go1.26.0 linux/amd64,crypto/md5,go1.26.0,GOAMD64=v4,3,10,924322,926596,927176,933549,1079.2,MB/s,4648,-1,0,-1,-1,ok,true,,
1,20260625-161331,1782418411,blake3,hash,,1048576,,1048576,go,go version go1.26.0 linux/amd64,lukechampine/blake3,v1,GOAMD64=v4,3,10,67968,128192,146163,284636,7800.8,MB/s,8876,-1,48416,-1,-1,ok,true,,
1,20260625-161331,1782418411,xxhash3,hash,,1048576,,1048576,python,Python 3.12.9,xxhash,3.7.0,-OO,3,10,23273,23444,24054,28864,42654.8,MB/s,18880,-1,45,-1,-1,ok,true,,
1,20260625-161331,1782418411,xxhash3_128,hash,,1048576,,1048576,python,Python 3.12.9,xxhash,3.7.0,-OO,3,10,23625,23734,23734,23925,42133.6,MB/s,18880,-1,132,-1,-1,ok,true,,
1,20260625-161331,1782418411,xxhash3-256k,hash,,262144,,262144,python,Python 3.12.9,xxhash,3.7.0,-OO,3,10,5981,5992,6013,6081,41722.3,MB/s,19136,-1,45,-1,-1,ok,true,,
1,20260625-161331,1782418411,xxhash3_128-256k,hash,,262144,,262144,python,Python 3.12.9,xxhash,3.7.0,-OO,3,10,6061,6092,6096,6152,41037.4,MB/s,19136,-1,132,-1,-1,ok,true,,
1,20260625-161331,1782418411,sha256,hash,,1048576,,1048576,python,Python 3.12.9,hashlib,3.12.9,-OO,3,10,415924,416254,417354,420182,2402.4,MB/s,19136,-1,97,-1,-1,ok,true,,
1,20260625-161331,1782418411,md5,hash,,1048576,,1048576,python,Python 3.12.9,hashlib,3.12.9,-OO,3,10,923901,926796,926935,930764,1079.0,MB/s,19136,-1,81,-1,-1,ok,true,,
1,20260625-161331,1782418411,blake3,hash,,1048576,,1048576,python,Python 3.12.9,blake3,,,0,0,-1,-1,-1,-1,,,-1,-1,-1,-1,-1,skipped,,blake3 module not importable,
1,20260625-161331,1782418411,xxhash3,hash,,1048576,,1048576,java,,,,,0,0,-1,-1,-1,-1,,,-1,-1,-1,-1,-1,skipped,,no JDK stdlib xxHash; jar not provisioned,
1,20260625-161331,1782418411,xxhash3_128,hash,,1048576,,1048576,java,,,,,0,0,-1,-1,-1,-1,,,-1,-1,-1,-1,-1,skipped,,no JDK stdlib xxHash; jar not provisioned,
1,20260625-161331,1782418411,xxhash3-256k,hash,,1048576,,1048576,java,,,,,0,0,-1,-1,-1,-1,,,-1,-1,-1,-1,-1,skipped,,no JDK stdlib xxHash; jar not provisioned,
1,20260625-161331,1782418411,xxhash3_128-256k,hash,,1048576,,1048576,java,,,,,0,0,-1,-1,-1,-1,,,-1,-1,-1,-1,-1,skipped,,no JDK stdlib xxHash; jar not provisioned,
1,20260625-161331,1782418411,sha256,hash,,1048576,,1048576,java,openjdk version 25.0.1 2025-10-21 LTS,java.security.MessageDigest,25.0.1,-server,3,10,519659,527955,529404,553823,1894.1,MB/s,54440,-1,48,-1,-1,ok,true,,
1,20260625-161331,1782418411,md5,hash,,1048576,,1048576,java,openjdk version 25.0.1 2025-10-21 LTS,java.security.MessageDigest,25.0.1,-server,3,10,1018139,1022227,1021784,1028659,978.3,MB/s,55888,-1,32,-1,-1,ok,true,,
1,20260625-161331,1782418411,blake3,hash,,1048576,,1048576,java,,,,,0,0,-1,-1,-1,-1,,,-1,-1,-1,-1,-1,skipped,,no JDK stdlib BLAKE3; jar not provisioned,
1,20260625-161331,1782418411,siphash,hash,,1048576,,1048576,rust,,siphash,,,0,0,-1,-1,-1,-1,,,-1,-1,-1,-1,-1,skipped,,no portable cross-language SipHash with a matching key,
1,20260625-161331,1782418411,siphash,hash,,1048576,,1048576,cpp,,siphash,,,0,0,-1,-1,-1,-1,,,-1,-1,-1,-1,-1,skipped,,no portable cross-language SipHash with a matching key,
1,20260625-161331,1782418411,siphash,hash,,1048576,,1048576,go,,siphash,,,0,0,-1,-1,-1,-1,,,-1,-1,-1,-1,-1,skipped,,no portable cross-language SipHash with a matching key,
1,20260625-161331,1782418411,siphash,hash,,1048576,,1048576,python,,siphash,,,0,0,-1,-1,-1,-1,,,-1,-1,-1,-1,-1,skipped,,no portable cross-language SipHash with a matching key,
1,20260625-161331,1782418411,siphash,hash,,1048576,,1048576,java,,siphash,,,0,0,-1,-1,-1,-1,,,-1,-1,-1,-1,-1,skipped,,no portable cross-language SipHash with a matching key,
1,20260625-161331,1782418411,sort-int64,sort,,50000,,50000,rust,rustc 1.91.1 (ed61e7d7e 2025-11-07),std-unstable,std,-O3 lto target-cpu=native,3,10,409742,418859,419992,433827,119.37,Melem/s,3104,-1,400000,-1,-1,ok,true,,random
1,20260625-161331,1782418411,sort-int64,sort,,50000,,50000,rust,rustc 1.91.1 (ed61e7d7e 2025-11-07),std-unstable,std,-O3 lto target-cpu=native,3,10,10549,10560,10564,10580,4734.85,Melem/s,3168,-1,400000,-1,-1,ok,true,,ascending
1,20260625-161331,1782418411,sort-int64,sort,,50000,,50000,rust,rustc 1.91.1 (ed61e7d7e 2025-11-07),std-unstable,std,-O3 lto target-cpu=native,3,10,13035,13125,13116,13145,3809.52,Melem/s,3168,-1,400000,-1,-1,ok,true,,descending
1,20260625-161331,1782418411,sort-int64,sort,,50000,,50000,rust,rustc 1.91.1 (ed61e7d7e 2025-11-07),std-unstable,std,-O3 lto target-cpu=native,3,10,111440,111541,112875,122601,448.27,Melem/s,3168,-1,400000,-1,-1,ok,true,,dups
1,20260625-161331,1782418411,sort-stable-int64,sort,,50000,,50000,rust,rustc 1.91.1 (ed61e7d7e 2025-11-07),std-stable,std,-O3 lto target-cpu=native,3,10,622773,633484,640830,699698,78.93,Melem/s,3540,-1,800000,-1,-1,ok,true,,
1,20260625-161331,1782418411,sort-f64,sort,,50000,,50000,rust,rustc 1.91.1 (ed61e7d7e 2025-11-07),std-unstable,std,-O3 lto target-cpu=native,3,10,550016,553924,556287,567660,90.27,Melem/s,3540,-1,400000,-1,-1,ok,true,,
1,20260625-161331,1782418411,sort-int64,sort,,50000,,50000,cpp,g++ (Ubuntu 15.2.0-16ubuntu1) 15.2.0,std::sort,std,-O3 -march=native,3,10,1940406,1954432,1957413,1986594,25.58,Melem/s,4684,-1,400000,-1,-1,ok,true,,random
1,20260625-161331,1782418411,sort-int64,sort,,50000,,50000,cpp,g++ (Ubuntu 15.2.0-16ubuntu1) 15.2.0,pdqsort,std,-O3 -march=native,3,10,731478,762958,814726,1225640,65.53,Melem/s,5264,-1,400000,-1,-1,ok,true,,random
1,20260625-161331,1782418411,sort-int64,sort,,50000,,50000,cpp,g++ (Ubuntu 15.2.0-16ubuntu1) 15.2.0,std::sort,std,-O3 -march=native,3,10,238299,238950,239197,241144,209.25,Melem/s,5264,-1,400000,-1,-1,ok,true,,ascending
1,20260625-161331,1782418411,sort-int64,sort,,50000,,50000,cpp,g++ (Ubuntu 15.2.0-16ubuntu1) 15.2.0,pdqsort,std,-O3 -march=native,3,10,19576,19657,19657,19737,2543.62,Melem/s,5264,-1,400000,-1,-1,ok,true,,ascending
1,20260625-161331,1782418411,sort-int64,sort,,50000,,50000,cpp,g++ (Ubuntu 15.2.0-16ubuntu1) 15.2.0,std::sort,std,-O3 -march=native,3,10,152377,152727,154988,164400,327.38,Melem/s,5264,-1,400000,-1,-1,ok,true,,descending
1,20260625-161331,1782418411,sort-int64,sort,,50000,,50000,cpp,g++ (Ubuntu 15.2.0-16ubuntu1) 15.2.0,pdqsort,std,-O3 -march=native,3,10,40937,41027,41035,41358,1218.71,Melem/s,5264,-1,400000,-1,-1,ok,true,,descending
1,20260625-161331,1782418411,sort-int64,sort,,50000,,50000,cpp,g++ (Ubuntu 15.2.0-16ubuntu1) 15.2.0,std::sort,std,-O3 -march=native,3,10,485976,489793,491523,499742,102.08,Melem/s,5264,-1,400000,-1,-1,ok,true,,dups
1,20260625-161331,1782418411,sort-int64,sort,,50000,,50000,cpp,g++ (Ubuntu 15.2.0-16ubuntu1) 15.2.0,pdqsort,std,-O3 -march=native,3,10,77056,77166,77698,81473,647.95,Melem/s,5264,-1,400000,-1,-1,ok,true,,dups
1,20260625-161331,1782418411,sort-stable-int64,sort,,50000,,50000,cpp,g++ (Ubuntu 15.2.0-16ubuntu1) 15.2.0,std::stable_sort,std,-O3 -march=native,3,10,2020197,2036046,2043422,2076883,24.56,Melem/s,5264,-1,600000,-1,-1,ok,true,,
1,20260625-161331,1782418411,sort-f64,sort,,50000,,50000,cpp,g++ (Ubuntu 15.2.0-16ubuntu1) 15.2.0,std::sort,std,-O3 -march=native,3,10,2202490,2232336,2235386,2298432,22.40,Melem/s,5264,-1,400000,-1,-1,ok,true,,
1,20260625-161331,1782418411,sort-int64,sort,,50000,,50000,go,go version go1.26.0 linux/amd64,slices.Sort,stdlib,GOAMD64=v4,3,10,2266010,2273805,2342312,2468833,21.99,Melem/s,7436,-1,401408,-1,-1,ok,true,,random
1,20260625-161331,1782418411,sort-int64,sort,,50000,,50000,go,go version go1.26.0 linux/amd64,slices.Sort,stdlib,GOAMD64=v4,3,10,14748,24136,23487,50505,2071.59,Melem/s,7684,-1,401520,-1,-1,ok,true,,ascending
1,20260625-161331,1782418411,sort-int64,sort,,50000,,50000,go,go version go1.26.0 linux/amd64,slices.Sort,stdlib,GOAMD64=v4,3,10,21480,24396,25460,33363,2049.52,Melem/s,7984,-1,401408,-1,-1,ok,true,,descending
1,20260625-161331,1782418411,sort-int64,sort,,50000,,50000,go,go version go1.26.0 linux/amd64,slices.Sort,stdlib,GOAMD64=v4,3,10,75582,89338,106835,196430,559.67,Melem/s,7852,-1,401408,-1,-1,ok,true,,dups
1,20260625-161331,1782418411,sort-stable-int64,sort,,50000,,50000,go,go version go1.26.0 linux/amd64,slices.SortStableFunc,stdlib,GOAMD64=v4,3,10,6099774,6702500,6666277,7531672,7.46,Melem/s,7928,-1,401408,-1,-1,ok,true,,
1,20260625-161331,1782418411,sort-f64,sort,,50000,,50000,go,go version go1.26.0 linux/amd64,slices.Sort,stdlib,GOAMD64=v4,3,10,2755111,2758998,2787398,2989473,18.12,Melem/s,8092,-1,401408,-1,-1,ok,true,,
1,20260625-161331,1782418411,sort-int64,sort,,50000,,50000,python,Python 3.12.9,Timsort,cpython,-OO,3,10,7432044,7497377,7491386,7513959,6.67,Melem/s,15752,-1,599976,-1,-1,ok,true,,random
1,20260625-161331,1782418411,sort-int64,sort,,50000,,50000,python,Python 3.12.9,Timsort,cpython,-OO,3,10,101381,106541,105980,109156,469.30,Melem/s,16380,-1,400056,-1,-1,ok,true,,ascending
1,20260625-161331,1782418411,sort-int64,sort,,50000,,50000,python,Python 3.12.9,Timsort,cpython,-OO,3,10,107843,110759,117696,182985,451.43,Melem/s,16384,-1,400056,-1,-1,ok,true,,descending
1,20260625-161331,1782418411,sort-int64,sort,,50000,,50000,python,Python 3.12.9,Timsort,cpython,-OO,3,10,797713,802642,802713,811429,62.29,Melem/s,16384,-1,587480,-1,-1,ok,true,,dups
1,20260625-161331,1782418411,sort-stable-int64,sort,,50000,,50000,python,Python 3.12.9,Timsort,cpython,-OO,3,10,7608106,7639435,7639120,7675733,6.54,Melem/s,16384,-1,599976,-1,-1,ok,true,,
1,20260625-161331,1782418411,sort-f64,sort,,50000,,50000,python,Python 3.12.9,Timsort,cpython,-OO,3,10,4616619,4669109,4665264,4700838,10.71,Melem/s,16384,-1,599968,-1,-1,ok,true,,
1,20260625-161331,1782418411,sort-int64,sort,,50000,,50000,java,openjdk version 25.0.1 2025-10-21 LTS,Arrays.sort,stdlib,-server,3,10,1811082,2176611,2319869,3096004,22.97,Melem/s,57748,-1,413480,-1,-1,ok,true,,random
1,20260625-161331,1782418411,sort-int64,sort,,50000,,50000,java,openjdk version 25.0.1 2025-10-21 LTS,Arrays.sort,stdlib,-server,3,10,36389,58330,50196,61165,857.19,Melem/s,64788,-1,400016,-1,-1,ok,true,,ascending
1,20260625-161331,1782418411,sort-int64,sort,,50000,,50000,java,openjdk version 25.0.1 2025-10-21 LTS,Arrays.sort,stdlib,-server,3,10,90039,90230,91050,95500,554.14,Melem/s,70704,-1,400016,-1,-1,ok,true,,descending
1,20260625-161331,1782418411,sort-int64,sort,,50000,,50000,java,openjdk version 25.0.1 2025-10-21 LTS,Arrays.sort,stdlib,-server,3,10,455449,478451,541965,663099,104.50,Melem/s,76704,-1,401048,-1,-1,ok,true,,dups
1,20260625-161331,1782418411,sort-stable-int64,sort,,50000,,50000,java,openjdk version 25.0.1 2025-10-21 LTS,Arrays.sort(Timsort),stdlib,-server,3,10,4878222,15953542,14857043,25288392,3.13,Melem/s,111780,-1,2030480,-1,-1,ok,true,,
1,20260625-161331,1782418411,sort-f64,sort,,50000,,50000,java,openjdk version 25.0.1 2025-10-21 LTS,Arrays.sort,stdlib,-server,3,10,307539,348326,1052533,2800067,143.54,Melem/s,112492,-1,414320,-1,-1,ok,true,,
1,20260625-161331,1782418411,string-search,string,,360448,,360448,rust,rustc 1.91.1 (ed61e7d7e 2025-11-07),std-find,std,-O3 lto target-cpu=native,3,10,25738,25779,25786,25889,13334.5,MB/s,2644,-1,0,-1,-1,ok,true,,
1,20260625-161331,1782418411,string-search,string,,360448,,360448,rust,rustc 1.91.1 (ed61e7d7e 2025-11-07),memchr,std,-O3 lto target-cpu=native,3,10,5360,5380,5377,5410,63894.1,MB/s,2728,-1,0,-1,-1,ok,true,,
1,20260625-161331,1782418411,string-replace,string,,360448,,360448,rust,rustc 1.91.1 (ed61e7d7e 2025-11-07),std-replace,std,-O3 lto target-cpu=native,3,10,113905,114706,114829,118293,2996.8,MB/s,3460,-1,1081344,-1,-1,ok,true,,
1,20260625-161331,1782418411,string-uppercase,string,,360448,,360448,rust,rustc 1.91.1 (ed61e7d7e 2025-11-07),std-to_uppercase,std,-O3 lto target-cpu=native,3,10,70963,71034,71604,76955,4839.2,MB/s,3460,-1,360448,-1,-1,ok,true,,
1,20260625-161331,1782418411,string-build-concat,string,,4000,,4000,rust,rustc 1.91.1 (ed61e7d7e 2025-11-07),String::push_str,std,-O3 lto target-cpu=native,3,10,340,371,399,631,10282.2,MB/s,3460,-1,8184,-1,-1,ok,true,,
1,20260625-161331,1782418411,string-search,string,,360448,,360448,cpp,g++ (Ubuntu 15.2.0-16ubuntu1) 15.2.0,std::string::find,std,-O3 -march=native,3,10,29827,29856,30637,37641,11513.6,MB/s,4244,-1,0,-1,-1,ok,true,,
1,20260625-161331,1782418411,string-replace,string,,360448,,360448,cpp,g++ (Ubuntu 15.2.0-16ubuntu1) 15.2.0,std find-loop,std,-O3 -march=native,3,10,95881,96272,97187,100970,3570.6,MB/s,5164,-1,1081346,-1,-1,ok,true,,
1,20260625-161331,1782418411,string-uppercase,string,,360448,,360448,cpp,g++ (Ubuntu 15.2.0-16ubuntu1) 15.2.0,ascii-toupper,std,-O3 -march=native,3,10,354819,359818,488900,1576441,955.3,MB/s,5164,-1,360449,-1,-1,ok,true,,
1,20260625-161331,1782418411,string-build-concat,string,,4000,,4000,cpp,g++ (Ubuntu 15.2.0-16ubuntu1) 15.2.0,std::string +=,std,-O3 -march=native,3,10,1613,1634,1641,1774,2334.6,MB/s,5164,-1,15339,-1,-1,ok,true,,
1,20260625-161331,1782418411,string-search,string,,360448,,360448,go,go version go1.26.0 linux/amd64,strings.Index,stdlib,GOAMD64=v4,3,10,49153,49193,49748,54393,6987.8,MB/s,3524,-1,0,-1,-1,ok,true,,
1,20260625-161331,1782418411,string-replace,string,,360448,,360448,go,go version go1.26.0 linux/amd64,strings.ReplaceAll,stdlib,GOAMD64=v4,3,10,122811,194236,199406,478902,1769.8,MB/s,7184,-1,385024,-1,-1,ok,true,,
1,20260625-161331,1782418411,string-uppercase,string,,360448,,360448,go,go version go1.26.0 linux/amd64,strings.ToUpper,stdlib,GOAMD64=v4,3,10,391938,434849,448455,621671,790.5,MB/s,7856,-1,360448,-1,-1,ok,true,,
1,20260625-161331,1782418411,string-build-concat,string,,4000,,4000,go,go version go1.26.0 linux/amd64,strings.Builder,stdlib,GOAMD64=v4,3,10,1232,4108,3412,6281,928.6,MB/s,8136,-1,12544,-1,-1,ok,true,,
1,20260625-161331,1782418411,string-search,string,,360448,,360448,python,Python 3.12.9,str.find,cpython,-OO,3,10,52529,52580,53263,58931,6537.7,MB/s,12792,-1,0,-1,-1,ok,true,,
1,20260625-161331,1782418411,string-replace,string,,360448,,360448,python,Python 3.12.9,str.replace,cpython,-OO,3,10,397269,400224,404202,449267,858.9,MB/s,13560,-1,385065,-1,-1,ok,true,,
1,20260625-161331,1782418411,string-uppercase,string,,360448,,360448,python,Python 3.12.9,str.upper,cpython,-OO,3,10,83638,83718,87723,123943,4106.0,MB/s,13560,-1,360489,-1,-1,ok,true,,
1,20260625-161331,1782418411,string-build-concat,string,,4000,,4000,python,Python 3.12.9,str.join,cpython,-OO,3,10,11972,12082,12109,12563,315.7,MB/s,13560,-1,8393,-1,-1,ok,true,,
1,20260625-161331,1782418411,string-search,string,,360448,,360448,java,openjdk version 25.0.1 2025-10-21 LTS,String.indexOf,stdlib,-server,3,10,61085,567319,314759,570184,605.9,MB/s,48604,-1,0,-1,-1,ok,true,,
1,20260625-161331,1782418411,string-replace,string,,360448,,360448,java,openjdk version 25.0.1 2025-10-21 LTS,String.replace,stdlib,-server,3,10,455068,918460,809302,996859,374.3,MB/s,58576,-1,509968,-1,-1,ok,true,,
1,20260625-161331,1782418411,string-uppercase,string,,360448,,360448,java,openjdk version 25.0.1 2025-10-21 LTS,String.toUpperCase,stdlib,-server,3,10,281360,286049,533936,1365483,1201.7,MB/s,64576,-1,360488,-1,-1,ok,true,,
1,20260625-161331,1782418411,string-build-concat,string,,4000,,4000,java,openjdk version 25.0.1 2025-10-21 LTS,StringBuilder,stdlib,-server,3,10,17002,19657,23294,56326,194.1,MB/s,64952,-1,13408,-1,-1,ok,true,,
1,20260625-161331,1782418411,saxpy,math,,1000000,,1000000,rust,rustc 1.91.1 (ed61e7d7e 2025-11-07),scalar,std,-O3 lto target-cpu=native,3,10,654343,659192,658235,664733,3.034,GFLOP/s,33544,-1,0,-1,-1,ok,true,,
1,20260625-161331,1782418411,dot-product,math,,1000000,,1000000,rust,rustc 1.91.1 (ed61e7d7e 2025-11-07),scalar,std,-O3 lto target-cpu=native,3,10,454486,457311,458762,480475,4.373,GFLOP/s,33612,-1,0,-1,-1,ok,true,,
1,20260625-161331,1782418411,matmul,math,,40000,,40000,rust,rustc 1.91.1 (ed61e7d7e 2025-11-07),scalar,std,-O3 lto target-cpu=native,3,10,2627281,2633432,2682039,3130128,6.076,GFLOP/s,34560,-1,0,-1,-1,ok,true,,
1,20260625-161331,1782418411,saxpy,math,,1000000,,1000000,cpp,g++ (Ubuntu 15.2.0-16ubuntu1) 15.2.0,scalar,std,-O3 -march=native,3,10,637651,642911,686464,1090295,3.111,GFLOP/s,35152,-1,0,-1,-1,ok,true,,
1,20260625-161331,1782418411,dot-product,math,,1000000,,1000000,cpp,g++ (Ubuntu 15.2.0-16ubuntu1) 15.2.0,scalar,std,-O3 -march=native,3,10,641328,645046,644218,646528,3.101,GFLOP/s,34828,-1,0,-1,-1,ok,true,,
1,20260625-161331,1782418411,matmul,math,,40000,,40000,cpp,g++ (Ubuntu 15.2.0-16ubuntu1) 15.2.0,scalar,std,-O3 -march=native,3,10,2457200,2461929,2463320,2471066,6.499,GFLOP/s,34828,-1,0,-1,-1,ok,true,,
1,20260625-161331,1782418411,saxpy,math,,1000000,,1000000,go,go version go1.26.0 linux/amd64,scalar,stdlib,GOAMD64=v4,3,10,401166,409372,407435,412137,4.886,GFLOP/s,35236,-1,0,-1,-1,ok,true,,
1,20260625-161331,1782418411,dot-product,math,,1000000,,1000000,go,go version go1.26.0 linux/amd64,scalar,stdlib,GOAMD64=v4,3,10,391558,397970,399614,425021,5.026,GFLOP/s,35260,-1,0,-1,-1,ok,true,,
1,20260625-161331,1782418411,matmul,math,,40000,,40000,go,go version go1.26.0 linux/amd64,scalar,stdlib,GOAMD64=v4,3,10,2998200,3036633,3057163,3232722,5.269,GFLOP/s,36100,-1,0,-1,-1,ok,true,,
1,20260625-161331,1782418411,saxpy,math,,1000000,,1000000,python,Python 3.12.9,numpy,2.4.6,-OO,3,10,451561,461921,477924,547502,4.330,GFLOP/s,67520,-1,8000992,-1,-1,ok,true,,
1,20260625-161331,1782418411,dot-product,math,,1000000,,1000000,python,Python 3.12.9,numpy,2.4.6,-OO,3,10,11201,11462,21982,115778,174.490,GFLOP/s,67520,-1,128,-1,-1,ok,true,,
1,20260625-161331,1782418411,matmul,math,,40000,,40000,python,Python 3.12.9,numpy,2.4.6,-OO,3,10,78187,79870,79889,81514,200.326,GFLOP/s,67804,-1,321032,-1,-1,ok,true,,
1,20260625-161331,1782418411,saxpy,math,,1000000,,1000000,java,openjdk version 25.0.1 2025-10-21 LTS,scalar,stdlib,-server,3,10,406817,1051642,877952,1154866,1.902,GFLOP/s,81488,-1,0,-1,-1,ok,true,,
1,20260625-161331,1782418411,dot-product,math,,1000000,,1000000,java,openjdk version 25.0.1 2025-10-21 LTS,scalar,stdlib,-server,3,10,395475,821829,658738,872454,2.434,GFLOP/s,83632,-1,0,-1,-1,ok,true,,
1,20260625-161331,1782418411,matmul,math,,40000,,40000,java,openjdk version 25.0.1 2025-10-21 LTS,scalar,stdlib,-server,3,10,2287450,2405943,2388196,2449105,6.650,GFLOP/s,84764,-1,0,-1,-1,ok,true,,
1,20260625-161331,1782418411,hashmap-int,collection,,50000,,50000,rust,rustc 1.91.1 (ed61e7d7e 2025-11-07),std-HashMap,std,-O3 lto target-cpu=native,3,10,1060028,1074235,1110824,1342409,46.54,Mop/s,3480,-1,1114128,-1,-1,ok,true,,
1,20260625-161331,1782418411,hashmap-int,collection,,50000,,50000,rust,rustc 1.91.1 (ed61e7d7e 2025-11-07),ahash,std,-O3 lto target-cpu=native,3,10,348506,353366,375645,581206,141.50,Mop/s,3556,-1,1114128,-1,-1,ok,true,,
1,20260625-161331,1782418411,hashmap-string,collection,,30000,,30000,rust,rustc 1.91.1 (ed61e7d7e 2025-11-07),std-HashMap,std,-O3 lto target-cpu=native,3,10,3777979,3805941,3924175,4498427,7.88,Mop/s,5516,-1,3218704,-1,-1,ok,true,,
1,20260625-161331,1782418411,hashmap-string,collection,,30000,,30000,rust,rustc 1.91.1 (ed61e7d7e 2025-11-07),ahash,std,-O3 lto target-cpu=native,3,10,3631613,3693389,3683758,3751179,8.12,Mop/s,5516,-1,3218704,-1,-1,ok,true,,
1,20260625-161331,1782418411,hashset-dedup,collection,,100000,,100000,rust,rustc 1.91.1 (ed61e7d7e 2025-11-07),std-HashSet,std,-O3 lto target-cpu=native,3,10,1469750,1480480,1487486,1517770,67.55,Mop/s,5516,-1,1179852,-1,-1,ok,true,,
1,20260625-161331,1782418411,arraylist-append,collection,,100000,,100000,rust,rustc 1.91.1 (ed61e7d7e 2025-11-07),Vec,std,-O3 lto target-cpu=native,3,10,34024,34415,38531,69050,2905.71,Mop/s,5516,-1,2097120,-1,-1,ok,true,,
1,20260625-161331,1782418411,hashmap-int,collection,,50000,,50000,cpp,g++ (Ubuntu 15.2.0-16ubuntu1) 15.2.0,std::unordered_map,std,-O3 -march=native,3,10,910105,926656,924137,952966,53.96,Mop/s,5888,-1,1625608,-1,-1,ok,true,,
1,20260625-161331,1782418411,hashmap-int,collection,,50000,,50000,cpp,g++ (Ubuntu 15.2.0-16ubuntu1) 15.2.0,ankerl::unordered_dense,std,-O3 -march=native,3,10,208553,268306,264010,357324,186.35,Mop/s,6076,-1,1324320,-1,-1,ok,true,,
1,20260625-161331,1782418411,hashmap-string,collection,,30000,,30000,cpp,g++ (Ubuntu 15.2.0-16ubuntu1) 15.2.0,std::unordered_map,std,-O3 -march=native,3,10,3067080,3078972,3077291,3084782,9.74,Mop/s,6220,-1,1925816,-1,-1,ok,true,,
1,20260625-161331,1782418411,hashmap-string,collection,,30000,,30000,cpp,g++ (Ubuntu 15.2.0-16ubuntu1) 15.2.0,ankerl::unordered_dense,std,-O3 -march=native,3,10,1690415,1748555,1732569,1762742,17.16,Mop/s,6732,-1,1724320,-1,-1,ok,true,,
1,20260625-161331,1782418411,hashset-dedup,collection,,100000,,100000,cpp,g++ (Ubuntu 15.2.0-16ubuntu1) 15.2.0,std::unordered_set,std,-O3 -march=native,3,10,973875,1129308,1086531,1275043,88.55,Mop/s,7084,-1,2143016,-1,-1,ok,true,,
1,20260625-161331,1782418411,arraylist-append,collection,,100000,,100000,cpp,g++ (Ubuntu 15.2.0-16ubuntu1) 15.2.0,std::vector,std,-O3 -march=native,3,10,33954,34645,34744,36569,2886.42,Mop/s,7340,-1,2097144,-1,-1,ok,true,,
1,20260625-161331,1782418411,hashmap-int,collection,,50000,,50000,go,go version go1.26.0 linux/amd64,map,stdlib,GOAMD64=v4,3,10,766655,975218,1032851,1465512,51.27,Mop/s,8796,-1,1182208,-1,-1,ok,true,,
1,20260625-161331,1782418411,hashmap-string,collection,,30000,,30000,go,go version go1.26.0 linux/amd64,map,stdlib,GOAMD64=v4,3,10,2476727,3357196,3250950,4365316,8.94,Mop/s,8084,-1,2367152,-1,-1,ok,true,,
1,20260625-161331,1782418411,hashset-dedup,collection,,100000,,100000,go,go version go1.26.0 linux/amd64,map-set,stdlib,GOAMD64=v4,3,10,1716374,2236554,2150896,2514639,44.71,Mop/s,8232,-1,2364792,-1,-1,ok,true,,
1,20260625-161331,1782418411,arraylist-append,collection,,100000,,100000,go,go version go1.26.0 linux/amd64,slice,stdlib,GOAMD64=v4,3,10,360298,555016,534394,797754,180.17,Mop/s,12324,-1,4101312,-1,-1,ok,true,,
1,20260625-161331,1782418411,hashmap-int,collection,,50000,,50000,python,Python 3.12.9,dict,cpython,-OO,3,10,3735899,3778209,3782155,3836168,13.23,Mop/s,27692,-1,6716112,-1,-1,ok,true,,
1,20260625-161331,1782418411,hashmap-string,collection,,30000,,30000,python,Python 3.12.9,dict,cpython,-OO,3,10,6272048,6285324,6288996,6309809,4.77,Mop/s,27692,-1,3372081,-1,-1,ok,true,,
1,20260625-161331,1782418411,hashset-dedup,collection,,100000,,100000,python,Python 3.12.9,set,cpython,-OO,3,10,3874832,3893016,3901467,3950894,25.69,Mop/s,27692,-1,3689248,-1,-1,ok,true,,
1,20260625-161331,1782418411,arraylist-append,collection,,100000,,100000,python,Python 3.12.9,list,cpython,-OO,3,10,1779694,1840999,1833509,1865706,54.32,Mop/s,27692,-1,3992744,-1,-1,ok,true,,
1,20260625-161331,1782418411,hashmap-int,collection,,50000,,50000,java,openjdk version 25.0.1 2025-10-21 LTS,HashMap,stdlib,-server,3,10,335843,1414505,1338070,3251166,35.35,Mop/s,101500,-1,5978832,-1,-1,ok,true,,
1,20260625-161331,1782418411,hashmap-string,collection,,30000,,30000,java,openjdk version 25.0.1 2025-10-21 LTS,HashMap,stdlib,-server,3,10,1375512,2497747,2330738,2858897,12.01,Mop/s,159808,-1,4950224,-1,-1,ok,true,,
1,20260625-161331,1782418411,hashset-dedup,collection,,100000,,100000,java,openjdk version 25.0.1 2025-10-21 LTS,HashSet,stdlib,-server,3,10,1038407,1349863,1551007,3393665,74.08,Mop/s,231016,-1,5042640,-1,-1,ok,true,,
1,20260625-161331,1782418411,arraylist-append,collection,,100000,,100000,java,openjdk version 25.0.1 2025-10-21 LTS,ArrayList,stdlib,-server,3,10,570415,882553,760125,1030181,113.31,Mop/s,281500,-1,3677880,-1,-1,ok,true,,
1,20260625-161331,1782418411,clbg-mandelbrot,clbg,,640000,,640000,rust,rustc 1.91.1 (ed61e7d7e 2025-11-07),scalar,std,-O3 lto target-cpu=native,3,10,25583247,25616960,25625281,25764068,,,2284,-1,0,-1,-1,ok,true,,
1,20260625-161331,1782418411,clbg-fannkuch-redux,clbg,,10,,10,rust,rustc 1.91.1 (ed61e7d7e 2025-11-07),scalar,std,-O3 lto target-cpu=native,3,10,160300266,160964247,161394495,164886378,,,2352,-1,120,-1,-1,ok,true,,
1,20260625-161331,1782418411,clbg-spectral-norm,clbg,,100,,100,rust,rustc 1.91.1 (ed61e7d7e 2025-11-07),scalar,std,-O3 lto target-cpu=native,3,10,205647,205798,206421,208503,,,2352,-1,2400,-1,-1,ok,true,,
1,20260625-161331,1782418411,clbg-mandelbrot,clbg,,640000,,640000,cpp,g++ (Ubuntu 15.2.0-16ubuntu1) 15.2.0,scalar,std,-O3 -march=native,3,10,23571957,23704366,23727883,24249644,,,3900,-1,0,-1,-1,ok,true,,
1,20260625-161331,1782418411,clbg-fannkuch-redux,clbg,,10,,10,cpp,g++ (Ubuntu 15.2.0-16ubuntu1) 15.2.0,scalar,std,-O3 -march=native,3,10,156870453,157437362,161456132,188370660,,,4096,-1,120,-1,-1,ok,true,,
1,20260625-161331,1782418411,clbg-spectral-norm,clbg,,100,,100,cpp,g++ (Ubuntu 15.2.0-16ubuntu1) 15.2.0,scalar,std,-O3 -march=native,3,10,136638,149221,172433,246836,,,4100,-1,2400,-1,-1,ok,true,,
1,20260625-161331,1782418411,clbg-mandelbrot,clbg,,640000,,640000,go,go version go1.26.0 linux/amd64,scalar,stdlib,GOAMD64=v4,3,10,23726047,23755613,23754594,23787673,,,3224,-1,0,-1,-1,ok,true,,
1,20260625-161331,1782418411,clbg-fannkuch-redux,clbg,,10,,10,go,go version go1.26.0 linux/amd64,scalar,stdlib,GOAMD64=v4,3,10,149261887,149995940,150051771,150636808,,,3288,-1,240,-1,-1,ok,true,,
1,20260625-161331,1782418411,clbg-spectral-norm,clbg,,100,,100,go,go version go1.26.0 linux/amd64,scalar,stdlib,GOAMD64=v4,3,10,314032,319572,320476,339289,,,3352,-1,2688,-1,-1,ok,true,,
1,20260625-161331,1782418411,clbg-mandelbrot,clbg,,640000,,640000,python,Python 3.12.9,numpy,2.4.6,-OO,3,10,113622952,114834785,115464510,122090267,,,59332,-1,31380930,-1,-1,ok,true,,
1,20260625-161331,1782418411,clbg-fannkuch-redux,clbg,,10,,10,python,Python 3.12.9,cpython,3.12.9,-OO,3,10,4243242197,4277117218,4275338233,4302964853,,,59332,-1,576,-1,-1,ok,true,,
1,20260625-161331,1782418411,clbg-spectral-norm,clbg,,100,,100,python,Python 3.12.9,cpython,3.12.9,-OO,3,10,37528406,37567359,37558691,37583650,,,59332,-1,12240,-1,-1,ok,true,,
1,20260625-161331,1782418411,clbg-mandelbrot,clbg,,640000,,640000,java,openjdk version 25.0.1 2025-10-21 LTS,stdlib,stdlib,-server,3,10,26077198,26665305,26440530,26833102,,,47808,-1,0,-1,-1,ok,true,,
1,20260625-161331,1782418411,clbg-fannkuch-redux,clbg,,10,,10,java,openjdk version 25.0.1 2025-10-21 LTS,stdlib,stdlib,-server,3,10,145872240,159096138,157697500,160355911,,,51668,-1,192,-1,-1,ok,true,,
1,20260625-161331,1782418411,clbg-spectral-norm,clbg,,100,,100,java,openjdk version 25.0.1 2025-10-21 LTS,stdlib,stdlib,-server,3,10,325483,1315720,1205787,1997294,,,51800,-1,2448,-1,-1,ok,true,,
1,20260625-161331,1782418411,time-instant-arith,time,,1000000,,1000000,rust,rustc 1.91.1 (ed61e7d7e 2025-11-07),chrono,0.4,-O3 lto target-cpu=native,3,10,6640042,6715353,6702994,6728809,148.91,Mop/s,2280,-1,0,-1,-1,ok,true,,
1,20260625-161331,1782418411,time-localdate-arith,time,,100000,,100000,rust,rustc 1.91.1 (ed61e7d7e 2025-11-07),chrono,0.4,-O3 lto target-cpu=native,3,10,532864,542362,541713,549295,184.38,Mop/s,2348,-1,0,-1,-1,ok,true,,
1,20260625-161331,1782418411,time-instant-arith,time,,1000000,,1000000,cpp,g++ (Ubuntu 15.2.0-16ubuntu1) 15.2.0,std::chrono,std,-O3 -march=native -std=c++20,3,10,97574,97604,97609,97694,10245.48,Mop/s,3880,-1,0,-1,-1,ok,true,,
1,20260625-161331,1782418411,time-localdate-arith,time,,100000,,100000,cpp,g++ (Ubuntu 15.2.0-16ubuntu1) 15.2.0,std::chrono,std,-O3 -march=native -std=c++20,3,10,9778,9788,9791,9808,10216.59,Mop/s,4076,-1,0,-1,-1,ok,true,,
1,20260625-161331,1782418411,time-instant-arith,time,,1000000,,1000000,go,go version go1.26.0 linux/amd64,time,stdlib,GOAMD64=v4,3,10,2933698,2968223,3005999,3424333,336.90,Mop/s,3148,-1,0,-1,-1,ok,true,,
1,20260625-161331,1782418411,time-localdate-arith,time,,100000,,100000,go,go version go1.26.0 linux/amd64,time,stdlib,GOAMD64=v4,3,10,1513031,1516788,1520538,1536695,65.93,Mop/s,3216,-1,0,-1,-1,ok,true,,
1,20260625-161331,1782418411,time-instant-arith,time,,1000000,,1000000,python,Python 3.12.9,datetime,cpython,-OO,3,10,352979745,360958771,362237566,374259874,2.77,Mop/s,12812,-1,412,-1,-1,ok,true,,
1,20260625-161331,1782418411,time-localdate-arith,time,,100000,,100000,python,Python 3.12.9,datetime,cpython,-OO,3,10,17839045,17953681,17934259,18001861,5.57,Mop/s,12812,-1,348,-1,-1,ok,true,,
1,20260625-161331,1782418411,time-instant-arith,time,,1000000,,1000000,java,openjdk version 25.0.1 2025-10-21 LTS,java.time,stdlib,-server,3,10,206840,207812,301712,678339,4812.04,Mop/s,66276,-1,0,-1,-1,ok,true,,
1,20260625-161331,1782418411,time-localdate-arith,time,,100000,,100000,java,openjdk version 25.0.1 2025-10-21 LTS,java.time,stdlib,-server,3,10,740846,1177589,1237208,2863906,84.92,Mop/s,99100,-1,2400000,-1,-1,ok,true,,
1,20260625-161331,1782418411,stream-filter-map-reduce,stream,,1000000,,1000000,rust,rustc 1.91.1 (ed61e7d7e 2025-11-07),Iterator,std,-O3 lto target-cpu=native,3,10,586345,589551,601609,659613,1696.21,Mop/s,10164,-1,0,-1,-1,ok,true,,
1,20260625-161331,1782418411,stream-parallel-reduce,stream,,1000000,,1000000,rust,rustc 1.91.1 (ed61e7d7e 2025-11-07),rayon,std,-O3 lto target-cpu=native,3,10,71044,103105,101439,127179,9698.85,Mop/s,11380,-1,0,-1,-1,ok,true,,
1,20260625-161331,1782418411,stream-filter-map-reduce,stream,,1000000,,1000000,cpp,g++ (Ubuntu 15.2.0-16ubuntu1) 15.2.0,views::filter|transform,std,-O3 -march=native -std=c++23,3,10,212250,213292,213653,216478,4688.41,Mop/s,11684,-1,0,-1,-1,ok,true,,
1,20260625-161331,1782418411,stream-parallel-reduce,stream,,1000000,,1000000,cpp,g++ (Ubuntu 15.2.0-16ubuntu1) 15.2.0,std::reduce(par),std,-O3 -march=native -std=c++23,3,10,84399,84600,90834,143400,11820.33,Mop/s,11880,-1,0,-1,-1,ok,true,,
1,20260625-161331,1782418411,stream-filter-map-reduce,stream,,1000000,,1000000,go,go version go1.26.0 linux/amd64,hand-loop,stdlib,GOAMD64=v4,3,10,585523,587787,588128,595943,1701.30,Mop/s,11416,-1,0,-1,-1,ok,true,,
1,20260625-161331,1782418411,stream-parallel-reduce,stream,,1000000,,1000000,go,go version go1.26.0 linux/amd64,goroutines,stdlib,GOAMD64=v4,3,10,44824,66496,63852,95540,15038.50,Mop/s,12436,-1,14960,-1,-1,ok,true,,
1,20260625-161331,1782418411,stream-filter-map-reduce,stream,,1000000,,1000000,python,Python 3.12.9,genexpr,cpython,-OO,3,10,19087227,19160334,19145962,19220037,52.19,Mop/s,43536,-1,440,-1,-1,ok,true,,
1,20260625-161331,1782418411,stream-parallel-reduce,stream,,1000000,,1000000,python,Python 3.12.9,sum (GIL),cpython,-OO,3,10,3690384,3710742,3727281,3817253,269.49,Mop/s,43536,-1,48,-1,-1,ok,true,,
1,20260625-161331,1782418411,stream-filter-map-reduce,stream,,1000000,,1000000,java,openjdk version 25.0.1 2025-10-21 LTS,java.util.stream,stdlib,-server,3,10,153229,154482,374024,2349508,6473.25,Mop/s,57120,-1,344,-1,-1,ok,true,,
1,20260625-161331,1782418411,stream-parallel-reduce,stream,,1000000,,1000000,java,openjdk version 25.0.1 2025-10-21 LTS,parallel-stream,stdlib,-server,3,10,102804,117291,195831,523937,8525.80,Mop/s,63524,-1,2056,-1,-1,ok,true,,
1,20260625-161331,1782418411,atomic-fetchadd,concurrent,,1000000,,1000000,rust,rustc 1.91.1 (ed61e7d7e 2025-11-07),AtomicI64,std,-O3 lto target-cpu=native,3,10,3908435,4356589,4324500,4748407,229.537,Mop/s,2312,-1,0,-1,-1,ok,true,,
1,20260625-161331,1782418411,task-spawn-await,concurrent,,20000,,20000,rust,rustc 1.91.1 (ed61e7d7e 2025-11-07),std::thread,std,-O3 lto target-cpu=native,3,10,415645027,425037605,427116607,440273014,0.047,Mop/s,2584,-1,3680000,-1,-1,ok,true,,
1,20260625-161331,1782418411,atomic-fetchadd,concurrent,,1000000,,1000000,cpp,g++ (Ubuntu 15.2.0-16ubuntu1) 15.2.0,std::atomic,std,-O3 -march=native -pthread,3,10,3908394,3910519,3914003,3940485,255.721,Mop/s,3884,-1,0,-1,-1,ok,true,,
1,20260625-161331,1782418411,task-spawn-await,concurrent,,20000,,20000,cpp,g++ (Ubuntu 15.2.0-16ubuntu1) 15.2.0,std::thread,std,-O3 -march=native -pthread,3,10,320243329,335171639,334542428,343800339,0.060,Mop/s,4220,-1,480000,-1,-1,ok,true,,
1,20260625-161331,1782418411,atomic-fetchadd,concurrent,,1000000,,1000000,go,go version go1.26.0 linux/amd64,atomic.Int64,stdlib,GOAMD64=v4,3,10,3911641,3916680,3919741,3945474,255.318,Mop/s,3152,-1,0,-1,-1,ok,true,,
1,20260625-161331,1782418411,task-spawn-await,concurrent,,20000,,20000,go,go version go1.26.0 linux/amd64,goroutine,stdlib,GOAMD64=v4,3,10,4932264,5393984,5391239,5644987,3.708,Mop/s,8860,-1,3360960,-1,-1,ok,true,,
1,20260625-161331,1782418411,atomic-fetchadd,concurrent,,1000000,,1000000,python,Python 3.12.9,atomic,,,0,0,-1,-1,-1,-1,,,-1,-1,-1,-1,-1,skipped,,no lock-free atomic in the CPython stdlib (GIL-protected += is not the same primitive),
1,20260625-161331,1782418411,task-spawn-await,concurrent,,20000,,20000,python,Python 3.12.9,asyncio,cpython,-OO,3,10,70885110,72443947,71929678,72646378,0.276,Mop/s,20608,-1,6676,-1,-1,ok,true,,
1,20260625-161331,1782418411,atomic-fetchadd,concurrent,,1000000,,1000000,java,openjdk version 25.0.1 2025-10-21 LTS,AtomicLong,stdlib,-server,3,10,3910078,3912352,3914162,3922151,255.601,Mop/s,47884,-1,24,-1,-1,ok,true,,
1,20260625-161331,1782418411,task-spawn-await,concurrent,,20000,,20000,java,openjdk version 25.0.1 2025-10-21 LTS,virtual-threads,stdlib,-server,3,10,36586881,39823319,39508614,44046237,0.502,Mop/s,170504,-1,10682784,-1,-1,ok,true,,
